{
  "energia_undimotriz": {
    "costo_mwh": 180,
    "factor_capacidad": 35,
    "emisiones_co2_ton_mwh": 0.005,
    "madurez_tecnologica": 2
  },
  "energia_solar_fotovoltaica": {
    "costo_mwh": 40,
    "factor_capacidad": 25,
    "emisiones_co2_ton_mwh": 0.003,
    "madurez_tecnologica": 4
  },
  "energia_eolica": {
    "costo_mwh": 35,
    "factor_capacidad": 40,
    "emisiones_co2_ton_mwh": 0.002,
    "madurez_tecnologica": 5
  },
  "energia_hidroelectrica": { 
    "costo_mwh": 50,
    "factor_capacidad": 60,
    "emisiones_co2_ton_mwh": 0.001,
    "madurez_tecnologica": 5
  },
  "energia_combustibles_fosiles": { 
    "costo_mwh": 70,
    "factor_capacidad": 80,
    "emisiones_co2_ton_mwh": 0.5,
    "madurez_tecnologica": 5
  }
}